{
  "strategies": {
    "one_shot": {
      "performance": 0.2,
      "execution_time": 158.97621703147888,
      "cost": 0.9625950000000001,
      "status": "success"
    },
    "batch_sampling": {
      "performance": 0.25833333333333336,
      "execution_time": 555.958493232727,
      "cost": 3.9417,
      "best_batch_score": 0.25833333333333336,
      "status": "success"
    }
  },
  "timestamp": "20241207-143419",
  "config": {
    "max_iters": 1,
    "batch_size": 4,
    "experiment_name": ""
  }
}