{
  "strategies": {
    "batch_sampling": {
      "performance": 0.2445,
      "execution_time": 750.0165932178497,
      "cost": 5.743919999999999,
      "best_batch_score": 0.2445,
      "status": "success"
    },
    "mixed": {
      "performance": 0.29450000000000004,
      "execution_time": 1649.7438569068909,
      "cost": 12.749580000000002,
      "optimization_cost": 1.10028,
      "optimization_time": 82.49075865745544,
      "best_batch_score": 0.29450000000000004,
      "status": "success"
    }
  },
  "timestamp": "20241205-133420",
  "config": {
    "max_iters": 1,
    "batch_size": 6,
    "experiment_name": "batch_study_6"
  }
}