{
  "strategies": {
    "batch_sampling": {
      "performance": 0.275,
      "execution_time": 1083.1967103481293,
      "cost": 7.68597,
      "best_batch_score": 0.275,
      "status": "success"
    },
    "mixed": {
      "performance": 0.25833333333333336,
      "execution_time": 1254.9058356285095,
      "cost": 14.71759,
      "optimization_cost": 1.0878299999999999,
      "optimization_time": 90.37962317466736,
      "best_batch_score": 0.25833333333333336,
      "status": "success"
    }
  },
  "timestamp": "20241205-141604",
  "config": {
    "max_iters": 1,
    "batch_size": 8,
    "experiment_name": "batch_study_8"
  }
}