{
  "strategies": {
    "batch_sampling": {
      "performance": 0.22783333333333333,
      "execution_time": 517.5721848011017,
      "cost": 3.94213,
      "best_batch_score": 0.2445,
      "status": "success"
    },
    "mixed": {
      "performance": 0.2445,
      "execution_time": 390.57653188705444,
      "cost": 4.459280000000001,
      "optimization_cost": 0.9801599999999999,
      "optimization_time": 86.29157567024231,
      "best_batch_score": 0.22783333333333333,
      "status": "success"
    }
  },
  "timestamp": "20241208-152430",
  "config": {
    "max_iters": 1,
    "batch_size": 4,
    "experiment_name": "batch_study_4"
  }
}