{
  "strategies": {
    "batch_sampling": {
      "performance": 0.26116666666666666,
      "execution_time": 527.0221073627472,
      "cost": 3.95697,
      "best_batch_score": 0.26116666666666666,
      "status": "success"
    },
    "mixed": {
      "performance": 0.2833333333333333,
      "execution_time": 683.6836113929749,
      "cost": 7.91158,
      "optimization_cost": 1.09224,
      "optimization_time": 91.90916323661804,
      "best_batch_score": 0.2833333333333333,
      "status": "success"
    }
  },
  "timestamp": "20241205-131218",
  "config": {
    "max_iters": 1,
    "batch_size": 4,
    "experiment_name": "batch_study_4"
  }
}